input_tokens,question,choices,output_tokens,question_id,subject,correct_answer
128,"Introduction:
The focus on urban planning has shifted from top-down policy mandates to community-led initiatives. Early research showed that stakeholder buy-in was essential for sustainability, but the landscape is evolving due to new international agreements and the influence of advocacy networks. This analysis is intended to synthesize current understanding and identify key gaps. Problem Statement:
Despite progress in economic development, significant challenges remain in addressing risk management. A comprehensive review is needed to evaluate the effectiveness of current strategies and inform future interventions. Core Inquiry:
Your task is to conduct a detailed analysis addressing the following points. Please ensure your response is well-supported with evidence and examples. Reference one comparable","['A', 'B', 'C', 'D']",1,1000,synthetic_analysis,A
256,"Background:
Recent developments in public health have highlighted the need to re-evaluate current approaches to risk management. This analysis will build on existing work by focusing on workplace diversity. Objectives:
The primary objective is to cost-effectiveness. This will be achieved by examining the issue through the lens of integrated systems approaches. Methods:
The proposed method is a comparative case study, which will allow for a detailed exploration of the key variables. Challenges:
A key challenge in this area is measuring long-term impact. This analysis will pay close attention to this issue. Policy Implications:
The findings of this analysis will have significant implications for community engagement strategies. Core Inquiry:
Please provide a detailed analysis of the following points, using specific examples to support your arguments. - Compare findings from different evaluations, noting where mixed-methods designs have added clarity or revealed new insights. - Investigate the significant hurdles, like regulatory barriers and competing priorities, and suggest methods for tackling them. - Think about what this means for system reform as a whole, and its applicability to related domains. - Provide clear examples to back up your claims, and explain their relevance to initial results and lasting change. - Explore the role of coordination mechanisms like continuous improvement, knowledge management, and evidence integration in achieving stakeholder value. Clar","['A', 'B', 'C', 'D']",1,1010,synthetic_analysis,A
384,"Background:
Recent developments in social services have highlighted the need to re-evaluate current approaches to stakeholder coordination. This analysis will build on existing work by focusing on renewable energy adoption. Objectives:
The primary objective is to environmental sustainability. This will be achieved by examining the issue through the lens of participatory design. Methods:
The proposed method is a longitudinal analysis, which will allow for a detailed exploration of the key variables. Challenges:
A key challenge in this area is adapting to local contexts. This analysis will pay close attention to this issue. Policy Implications:
The findings of this analysis will have significant implications for resource allocation. Core Inquiry:
Please provide a detailed analysis of the following points, using specific examples to support your arguments. - Discuss how practitioners have addressed sustainability issues such as funding stability, technical expertise, and measurement systems. - Evaluate whether evidence on stakeholder satisfaction is well documented and how resource limitations might affect quality improvement. - Address sustainability challenges, infrastructure improvement, and the sometimes overlooked importance of community context. - Compare findings from different reviews, noting where mixed-methods designs have added clarity or revealed new insights. - Explore the role of organizational processes like resource allocation, quality assurance, and evidence integration in achieving sustainable outcomes. - What are the main challenges, including organizational inertia and sustainability concerns, and how can they be surmounted? - What are the potential impacts on policy development, and how could this knowledge be transferred to comparable contexts? - Provide clear examples to back up your claims, and explain their relevance to early indicators and sustained impact. - In your analysis, consider the influence of local stakeholders and organizational capacity, especially in shaping long-term sustainability. - Evaluate whether evidence on outcome measurement is well documented and how time pressures might affect quality improvement. - Explore the role of feedback loops like performance monitoring, capacity building, and community participation in achieving measurable impacts. Explore the role of coordination mechanisms like resource allocation,","['A', 'B', 'C', 'D']",1,1020,synthetic_analysis,A
512,"Background:
Recent developments in technology implementation have highlighted the need to re-evaluate current approaches to stakeholder coordination. This analysis will build on existing work by focusing on urban planning. Objectives:
The primary objective is to cost-effectiveness. This will be achieved by examining the issue through the lens of participatory design. Methods:
The proposed method is a mixed-methods evaluation, which will allow for a detailed exploration of the key variables. Challenges:
A key challenge in this area is measuring long-term impact. This analysis will pay close attention to this issue. Policy Implications:
The findings of this analysis will have significant implications for future policy design. Core Inquiry:
Please provide a detailed analysis of the following points, using specific examples to support your arguments. - In your analysis, consider the influence of community leaders and policy constraints, especially in shaping service delivery. - Evaluate whether evidence on cost-effectiveness is well documented and how regulatory requirements might affect system development. - Address sustainability challenges, system strengthening, and the sometimes overlooked importance of organizational culture. - Discuss how researchers have addressed sustainability issues such as staff capacity, policy support, and risk management. - Explore the role of quality systems like performance monitoring, knowledge management, and partnership development in achieving stakeholder value. - Compare findings from different analyses, noting where theory-driven evaluation methods have added clarity or revealed new insights. - Address sustainability challenges, organizational development, and the sometimes overlooked importance of organizational culture. - Evaluate whether evidence on stakeholder satisfaction is well documented and how political considerations might affect system development. - Analyze the key obstacles, such as organizational inertia and political pressures, and propose ways to address them. - Think about what this means for system reform as a whole, and its applicability to related domains. - Use concrete examples to illustrate your points, connecting them to both preliminary findings and lasting change. - Compare findings from different reviews, noting where comparative analyses have added clarity or revealed new insights. - In your analysis, consider the influence of advocacy groups and technical readiness, especially in shaping community engagement. - Discuss how practitioners have addressed resource constraints such as regulatory compliance, policy support, and scalability planning. - Explore the role of organizational processes like continuous improvement, quality assurance, and outcome tracking in achieving community benefit. - Compare findings from different assessments, noting where participatory approaches have added clarity or revealed new insights. - Evaluate whether evidence on cost-effectiveness is well documented and how political considerations might affect quality improvement. - In your analysis, consider the influence of local stakeholders and resource availability, especially in shaping priorities","['A', 'B', 'C', 'D']",1,1030,synthetic_analysis,A
640,"Literature Review:
A review of the literature on organizational change reveals an over-reliance on self-reported measures. Gap Analysis:
This gap in our understanding is significant because it limits our ability to address service delivery. Research Questions:
This analysis will address the following research question: how can the program be adapted for different contexts. Expected Outcomes:
The expected outcome of this analysis is an evidence-based framework for decision-making. Core Inquiry:
To address the research question, please provide a thorough analysis of the following points. - Compare findings from different analyses, noting where longitudinal studies have added clarity or revealed new insights. - Explore the role of feedback loops like resource allocation, knowledge management, and outcome tracking in achieving system improvements. - Evaluate whether evidence on cost-effectiveness is well documented and how technical constraints might affect quality improvement. - In your analysis, consider the influence of policy makers and technical readiness, especially in shaping community engagement. - Discuss how communities have addressed contextual factors such as regulatory compliance, policy support, and continuous improvement. - Address capacity limitations, staff training, and the sometimes overlooked importance of policy environment. - In your analysis, consider the influence of policy makers and resource availability, especially in shaping community engagement. - Evaluate whether evidence on sustainability indicators is well documented and how resource limitations might affect quality improvement. - Address capacity limitations, system strengthening, and the sometimes overlooked importance of policy environment. - Explore the role of organizational processes like continuous improvement, coordination across sectors, and community participation in achieving community benefit. - Compare findings from different evaluations, noting where theory-driven evaluation methods have added clarity or revealed new insights. - Discuss how institutions have addressed coordination challenges such as staff capacity, technical expertise, and quality assurance. - Explore the role of quality systems like stakeholder engagement, knowledge management, and system adaptation in achieving stakeholder value. - Compare findings from different studies, noting where theory-driven evaluation methods have added clarity or revealed new insights. - What are the main challenges, including organizational inertia and political pressures, and how can they be surmounted? - How might these results influence system reform, and what is their relevance for different populations? - When presenting your answer, provide specific examples where possible, and explain how they relate to both early indicators and system transformation. - In your analysis, consider the influence of policy makers and cultural alignment, especially in shaping implementation success. - Address capacity limitations, staff training, and the sometimes overlooked importance of resource ecosystem. - Discuss how practitioners have addressed resource constraints such as funding stability, technical expertise, and measurement systems. - Evaluate whether evidence on sustainability indicators is well documented and how technical constraints might affect stakeholder engagement. - Evaluate whether evidence on stakeholder satisfaction is well documented and how regulatory requirements might affect implementation. - Explore the role of coordination mechanisms like continuous improvement, coordination across sectors, and outcome tracking in achieving stakeholder value. - In your analysis, consider the influence of advocacy groups and resource availability, especially in shaping priorities and outcomes. - Discuss how organizations have addressed implementation barriers such as regulatory compliance, organizational readiness, and risk management. - Address sustainability challenges, technical capacity building, and the sometimes overlooked importance of policy environment. State relevant stakeholders. Clarify","['A', 'B', 'C', 'D']",1,1040,synthetic_analysis,A
768,"Scenario:
Consider the following scenario: high-uncertainty contexts. This situation is complicated by a lack of technical expertise. Intervention Options:
Several intervention options are being considered, including a technology-driven solution. Evaluation Criteria:
The success of any intervention will be judged based on sustainability. Core Inquiry:
Please evaluate the potential intervention options based on the criteria provided. Your analysis should address the following points in detail. - Address sustainability challenges, technical capacity building, and the sometimes overlooked importance of stakeholder relationships. - Evaluate whether evidence on stakeholder satisfaction is well documented and how technical constraints might affect system development. - Discuss how researchers have addressed contextual factors such as resource availability, stakeholder coordination, and measurement systems. - Compare findings from different reviews, noting where comparative analyses have added clarity or revealed new insights. - Explore the role of organizational processes like performance monitoring, capacity building, and outcome tracking in achieving community benefit. - In your analysis, consider the influence of community leaders and resource availability, especially in shaping priorities and outcomes. - Address capacity limitations, staff training, and the sometimes overlooked importance of stakeholder relationships. - Compare findings from different evaluations, noting where participatory approaches have added clarity or revealed new insights. - Evaluate whether evidence on stakeholder satisfaction is well documented and how resource limitations might affect stakeholder engagement. - Explore the role of feedback loops like stakeholder engagement, quality assurance, and system adaptation in achieving community benefit. - Discuss how practitioners have addressed contextual factors such as regulatory compliance, cultural alignment, and scalability planning. - In your analysis, consider the influence of community leaders and technical readiness, especially in shaping priorities and outcomes. - Explore the role of quality systems like resource allocation, quality assurance, and outcome tracking in achieving system improvements. - Evaluate whether evidence on sustainability indicators is well documented and how political considerations might affect implementation. - In your analysis, consider the influence of local stakeholders and policy constraints, especially in shaping long-term sustainability. - Address sustainability challenges, infrastructure improvement, and the sometimes overlooked importance of organizational culture. - Compare findings from different studies, noting where participatory approaches have added clarity or revealed new insights. - Discuss how researchers have addressed coordination challenges such as funding stability, stakeholder coordination, and scalability planning. - Explore the role of quality systems like performance monitoring, quality assurance, and outcome tracking in achieving system improvements. - Consider the major impediments, for instance technical limitations and competing priorities, and outline strategies to mitigate them. - What are the potential impacts on the field, and how could this knowledge be transferred to different populations? - Support your analysis with specific cases, and discuss their connection to preliminary findings and sustained impact. - Evaluate whether evidence on outcome measurement is well documented and how technical constraints might affect quality improvement. - Address capacity limitations, system strengthening, and the sometimes overlooked importance of organizational culture. - Compare findings from different reviews, noting where comparative analyses have added clarity or revealed new insights. - Discuss how organizations have addressed implementation barriers such as funding stability, cultural alignment, and measurement systems. - In your analysis, consider the influence of advocacy groups and resource availability, especially in shaping priorities and outcomes. - Compare findings from different analyses, noting where longitudinal studies have added clarity or revealed new insights. - In your analysis, consider the influence of implementing organizations and technical readiness, especially in shaping long-term sustainability. - Explore the role of governance structures like risk management, knowledge management, and outcome tracking in achieving stakeholder value. - Evaluate whether evidence on cost-effectiveness is well documented and how political considerations might affect quality improvement. - Address capacity limitations, staff training, and the sometimes overlooked importance of stakeholder relationships. - Discuss how institutions have addressed resource constraints such as resource availability, cultural alignment, and quality assurance. - Discuss how communities have addressed contextual factors such as funding stability, cultural alignment, and risk","['A', 'B', 'C', 'D']",1,1050,synthetic_analysis,A
896,"Literature Review:
A review of the literature on implementation science reveals limited understanding of causal mechanisms. Gap Analysis:
This gap in our understanding is significant because it limits our ability to address quality assurance. Research Questions:
This analysis will address the following research question: what factors predict long-term sustainability. Expected Outcomes:
The expected outcome of this analysis is a validated model for program delivery. Core Inquiry:
To address the research question, please provide a thorough analysis of the following points. - In your analysis, consider the influence of implementing organizations and policy constraints, especially in shaping long-term sustainability. - Discuss how organizations have addressed sustainability issues such as community buy-in, cultural alignment, and scalability planning. - Evaluate whether evidence on outcome measurement is well documented and how political considerations might affect stakeholder engagement. - Address implementation barriers, organizational development, and the sometimes overlooked importance of stakeholder relationships. - Compare findings from different reviews, noting where theory-driven evaluation methods have added clarity or revealed new insights. - Explore the role of organizational processes like resource allocation, knowledge management, and community participation in achieving stakeholder value. - Discuss how practitioners have addressed implementation barriers such as regulatory compliance, policy support, and quality assurance. - Compare findings from different analyses, noting where comparative analyses have added clarity or revealed new insights. - Address resource constraints, staff training, and the sometimes overlooked importance of resource ecosystem. - Explore the role of governance structures like continuous improvement, knowledge management, and evidence integration in achieving measurable impacts. - In your analysis, consider the influence of policy makers and cultural alignment, especially in shaping service delivery. - Evaluate whether evidence on cost-effectiveness is well documented and how time pressures might affect stakeholder engagement. - Evaluate whether evidence on sustainability indicators is well documented and how political considerations might affect service delivery. - Explore the role of feedback loops like continuous improvement, coordination across sectors, and evidence integration in achieving community benefit. - Address implementation barriers, system strengthening, and the sometimes overlooked importance of organizational culture. - Discuss how institutions have addressed implementation barriers such as community buy-in, stakeholder coordination, and risk management. - Compare findings from different analyses, noting where longitudinal studies have added clarity or revealed new insights. - In your analysis, consider the influence of advocacy groups and organizational capacity, especially in shaping priorities and outcomes. - Compare findings from different studies, noting where theory-driven evaluation methods have added clarity or revealed new insights. - Evaluate whether evidence on implementation fidelity is well documented and how regulatory requirements might affect stakeholder engagement. - Discuss how communities have addressed contextual factors such as funding stability, organizational readiness, and measurement systems. - Address capacity limitations, staff training, and the sometimes overlooked importance of stakeholder relationships. - Examine potential barriers including resource constraints, competing priorities, and strategies for overcoming these challenges. - What are the wider consequences for community development, and how could these findings be relevant in other sectors? - Support your analysis with specific cases, and discuss their connection to preliminary findings and long-term effectiveness. - In your analysis, consider the influence of advocacy groups and cultural alignment, especially in shaping community engagement. - Explore the role of governance structures like resource allocation, capacity building, and outcome tracking in achieving community benefit. - In your analysis, consider the influence of local stakeholders and cultural alignment, especially in shaping implementation success. - Address implementation barriers, technical capacity building, and the sometimes overlooked importance of resource ecosystem. - Compare findings from different studies, noting where comparative analyses have added clarity or revealed new insights. - Explore the role of feedback loops like performance monitoring, quality assurance, and outcome tracking in achieving sustainable outcomes. - Evaluate whether evidence on sustainability indicators is well documented and how regulatory requirements might affect quality improvement. - Discuss how practitioners have addressed coordination challenges such as resource availability, technical expertise, and scalability planning. - Explore the role of coordination mechanisms like risk management, quality assurance, and community participation in achieving system improvements. - In your analysis, consider the influence of advocacy groups and technical readiness, especially in shaping implementation success. - Compare findings from different studies, noting where longitudinal studies have added clarity or revealed new insights. - Discuss how researchers have addressed contextual factors such as staff capacity, stakeholder coordination, and measurement systems. - Evaluate whether evidence on implementation fidelity is well documented and how regulatory requirements might affect service delivery. - Address sustainability challenges, organizational development, and the sometimes overlooked importance of stakeholder relationships. - Explore the role of organizational processes like resource allocation, knowledge management","['A', 'B', 'C', 'D']",1,1060,synthetic_analysis,A
1024,"Scenario:
Consider the following scenario: time-sensitive circumstances. This situation is complicated by political opposition. Intervention Options:
Several intervention options are being considered, including a community-based program. Evaluation Criteria:
The success of any intervention will be judged based on stakeholder satisfaction. Core Inquiry:
Please evaluate the potential intervention options based on the criteria provided. Your analysis should address the following points in detail. - In your analysis, consider the influence of community leaders and organizational capacity, especially in shaping implementation success. - Address coordination difficulties, infrastructure improvement, and the sometimes overlooked importance of policy environment. - Discuss how communities have addressed resource constraints such as regulatory compliance, cultural alignment, and risk management. - Explore the role of feedback loops like continuous improvement, innovation adoption, and partnership development in achieving measurable impacts. - Evaluate whether evidence on implementation fidelity is well documented and how regulatory requirements might affect implementation. - Compare findings from different evaluations, noting where mixed-methods designs have added clarity or revealed new insights. - In your analysis, consider the influence of advocacy groups and technical readiness, especially in shaping community engagement. - Compare findings from different studies, noting where participatory approaches have added clarity or revealed new insights. - Address sustainability challenges, organizational development, and the sometimes overlooked importance of community context. - Explore the role of coordination mechanisms like performance monitoring, innovation adoption, and system adaptation in achieving measurable impacts. - Discuss how communities have addressed implementation barriers such as regulatory compliance, technical expertise, and continuous improvement. - Evaluate whether evidence on stakeholder satisfaction is well documented and how political considerations might affect service delivery. - Compare findings from different evaluations, noting where longitudinal studies have added clarity or revealed new insights. - Evaluate whether evidence on sustainability indicators is well documented and how technical constraints might affect quality improvement. - Explore the role of organizational processes like continuous improvement, quality assurance, and outcome tracking in achieving system improvements. - In your analysis, consider the influence of policy makers and organizational capacity, especially in shaping community engagement. - Address implementation barriers, system strengthening, and the sometimes overlooked importance of policy environment. - Discuss how institutions have addressed coordination challenges such as funding stability, stakeholder coordination, and quality assurance. - In your analysis, consider the influence of advocacy groups and policy constraints, especially in shaping long-term sustainability. - Compare findings from different assessments, noting where participatory approaches have added clarity or revealed new insights. - Evaluate whether evidence on sustainability indicators is well documented and how resource limitations might affect system development. - Explore the role of feedback loops like risk management, innovation adoption, and system adaptation in achieving system improvements. - Address capacity limitations, organizational development, and the sometimes overlooked importance of organizational culture. - Discuss how researchers have addressed sustainability issues such as staff capacity, cultural alignment, and scalability planning. - Explore the role of organizational processes like stakeholder engagement, knowledge management, and outcome tracking in achieving system improvements. - Compare findings from different reviews, noting where longitudinal studies have added clarity or revealed new insights. - In your analysis, consider the influence of community leaders and organizational capacity, especially in shaping implementation success. - Analyze the key obstacles, such as organizational inertia and capacity gaps, and propose ways to address them. - How might these results influence practice improvement, and what is their relevance for different populations? - Illustrate your arguments with real-world examples, linking them to immediate impacts and lasting change. - Discuss how researchers have addressed coordination challenges such as community buy-in, cultural alignment, and risk management. - Evaluate whether evidence on implementation fidelity is well documented and how time pressures might affect implementation. - Address capacity limitations, staff training, and the sometimes overlooked importance of resource ecosystem. - Address sustainability challenges, infrastructure improvement, and the sometimes overlooked importance of stakeholder relationships. - Discuss how practitioners have addressed implementation barriers such as regulatory compliance, policy support, and measurement systems. - In your analysis, consider the influence of implementing organizations and technical readiness, especially in shaping priorities and outcomes. - Explore the role of feedback loops like performance monitoring, quality assurance, and outcome tracking in achieving measurable impacts. - Compare findings from different reviews, noting where comparative analyses have added clarity or revealed new insights. - Evaluate whether evidence on outcome measurement is well documented and how regulatory requirements might affect service delivery. - Address coordination difficulties, organizational development, and the sometimes overlooked importance of community context. - Explore the role of quality systems like performance monitoring, quality assurance, and evidence integration in achieving sustainable outcomes. - Evaluate whether evidence on outcome measurement is well documented and how regulatory requirements might affect stakeholder engagement. - Compare findings from different evaluations, noting where participatory approaches have added clarity or revealed new insights. - In your analysis, consider the influence of advocacy groups and policy constraints, especially in shaping implementation success. - Discuss how practitioners have addressed resource constraints such as staff capacity, stakeholder coordination, and scalability planning. - Evaluate whether evidence on stakeholder satisfaction is well documented and how political considerations might affect system development. - In your analysis, consider the influence of local stakeholders and resource availability, especially in shaping priorities and outcomes. Note any key assumptions. Outline evaluation criteria","['A', 'B', 'C', 'D']",1,1070,synthetic_analysis,A
